{
  "$type" : "Project",
  "tabBarController" : {
    "$id" : "TabBarController",
    "tabBar" : {
      "$type" : "UITabBar",
      "position" : {
        "top" : 519,
        "left" : 0
      },
      "hidden" : false,
      "frame" : {
        "origin" : {
          "x" : 0,
          "y" : 519
        },
        "size" : {
          "width" : 320,
          "height" : 49
        }
      },
      "$id" : "UITabBar6007",
      "barStyle" : 0,
      "heightIsEditable" : false,
      "$domain" : "Composé.iOS",
      "userInteractionEnabled" : true,
      "autoresizingMask" : 2,
      "size" : {
        "width" : 320,
        "height" : 49
      }
    },
    "$type" : "UITabBarController",
    "$domain" : "Composé.iOS"
  },
  "scenes" : [
    {
      "$id" : "Scene1",
      "positionOnOverview" : {
        "top" : 72,
        "left" : -447
      },
      "sceneObjectsNodeIsExpandedInEditorOutline" : true,
      "v_separateStatusBar" : false,
      "supportedInterfaceOrientations" : 2,
      "showsTabBar" : false,
      "$domain" : "Composé.iOS",
      "previewSize" : {
        "width" : 320,
        "height" : 568
      },
      "hasCustomInterfaceOrientations" : false,
      "objects" : [
        {
          "$type" : "JSONDataSource",
          "location" : "local",
          "URLRequest" : {
            "$type" : "URLRequest",
            "$domain" : "Core"
          },
          "$id" : "JSONDataSource10072",
          "actionInfo" : {
            "type" : "objectAction",
            "modalTransitionStyle" : "-1",
            "actionType" : "objectAction",
            "objectActionID" : "",
            "$type" : "ActionInfo",
            "$domain" : "Composé"
          },
          "$domain" : "com.compose-mac",
          "localData" : "{\"sender\":[\n\t\t{\n\t\t\"StreamURL\":\"http:\/\/daserste_live-lh.akamaihd.net\/i\/daserste_de@91204\/master.m3u8\",\n\t\t\"SenderName\":\"ARD\",\n\t\t\"Bild\":\"file:ard.png\",\n\t\t\"ProgrammURL\":\"http:\/\/programm.ard.de\/Programm\/Sender?sender=28106\"\n\t\t},\n\t\t{\n\t\t\"StreamURL\":\"http:\/\/zdf1314-lh.akamaihd.net\/i\/de14_v1@392878\/master.m3u8\",\n\t\t\"SenderName\":\"ZDF\",\n\t\t\"Bild\":\"file:zdf.png\",\n\t\t\"ProgrammURL\":\"http:\/\/www.zdf.de\/epg\/programm-4100.html?action=filter&senderToFilter=ZDF\"\n\t\t},\n\t\t{\n\t\t\"StreamURL\":\"http:\/\/rbb_live-lh.akamaihd.net\/i\/rbb_berlin@108248\/master.m3u8\",\n\t\t\"SenderName\":\"RBB\",\n\t\t\"Bild\":\"file:rbb.png\",\n\t\t\"ProgrammURL\":\"https:\/\/www.rbb-online.de\/fernsehen\/programm\/#anchor_jetzt\"\n\t\t},\n\t\t{\n\t\t\"StreamURL\":\"http:\/\/delive.artestras.cshls.lldns.net\/artestras\/contrib\/delive.m3u8\",\n\t\t\"SenderName\":\"Arte\",\n\t\t\"Bild\":\"file:arte.png\",\n\t\t\"ProgrammURL\":\"http:\/\/www.zdf.de\/epg\/programm-4100.html?action=filter&senderToFilter=arte\"\n\t\t},\n\t\t{\n\t\t\"StreamURL\":\"http:\/\/zdf0910-lh.akamaihd.net\/i\/dach10_v1@392872\/master.m3u8\",\n\t\t\"SenderName\":\"3sat\",\n\t\t\"Bild\":\"file:3sat.png\",\n\t\t\"ProgrammURL\":\"http:\/\/www.zdf.de\/epg\/programm-4100.html?action=filter&senderToFilter=3sat\"\n\t\t},\n\t\t{\n\t\t\"StreamURL\":\"http:\/\/zdf_hds_de-f.akamaihd.net\/i\/de09_v1@87012\/master.m3u8\",\n\t\t\"SenderName\":\"Phoenix\",\n\t\t\"Bild\":\"file:phoenix.png\",\n\t\t\"ProgrammURL\":\"http:\/\/www.zdf.de\/epg\/programm-4100.html?action=filter&senderToFilter=PHOENIX\"\n\t\t},\n\t\t{\n\t\t\"StreamURL\":\"http:\/\/zdf1314-lh.akamaihd.net\/i\/de13_v1@392877\/master.m3u8\",\n\t\t\"SenderName\":\"ZDF neo\",\n\t\t\"Bild\":\"file:neo.png\",\n\t\t\"ProgrammURL\":\"http:\/\/www.zdf.de\/epg\/programm-4100.html?action=filter&senderToFilter=ZDFneo\"\n\t\t},\n\t\t{\n\t\t\"StreamURL\":\"http:\/\/zdf1112-lh.akamaihd.net\/i\/de12_v1@392882\/master.m3u8\",\n\t\t\"SenderName\":\"ZDF info\",\n\t\t\"Bild\":\"file:info.png\",\n\t\t\"ProgrammURL\":\"http:\/\/www.zdf.de\/epg\/programm-4100.html?action=filter&senderToFilter=ZDFinfo\"\n\t\t},\n\t\t{\n\t\t\"StreamURL\":\"http:\/\/zdf1112-lh.akamaihd.net\/i\/de11_v1@392881\/master.m3u8\",\n\t\t\"SenderName\":\"ZDF kultur\",\n\t\t\"Bild\":\"file:kultur.png\",\n\t\t\"ProgrammURL\":\"http:\/\/www.zdf.de\/epg\/programm-4100.html?action=filter&senderToFilter=ZDF.kultur\"\n\t\t},\t\t\n\t\t{\n\t\t\"StreamURL\":\"http:\/\/wdr_fs_geo-lh.akamaihd.net\/i\/wdrfs_geogeblockt@112044\/master.m3u8\",\n\t\t\"SenderName\":\"WDR\",\n\t\t\"Bild\":\"file:wdr.png\",\n\t\t\"ProgrammURL\":\"http:\/\/programm.ard.de\/programm\/sender?sender=-28111\"\n\t\t},\n\t\t\t\t{\n\t\t\"StreamURL\":\"http:\/\/ndr_fs-lh.akamaihd.net\/i\/ndrfs_hh@119223\/master.m3u8\",\n\t\t\"SenderName\":\"NDR\",\n\t\t\"Bild\":\"file:ndr.png\",\n\t\t\"ProgrammURL\":\"http:\/\/programm.ard.de\/programm\/sender?sender=-28226\"\n\t\t},\n\t\t{\n\t\t\"StreamURL\":\"http:\/\/livestreams.br.de\/i\/bfsnord_germany@119898\/master.m3u8\",\n\t\t\"SenderName\":\"BR\",\n\t\t\"Bild\":\"file:br.png\",\n\t\t\"ProgrammURL\":\"http:\/\/programm.ard.de\/programm\/sender?sender=-28107\"\n\t\t},\n\t\t{\n\t\t\"StreamURL\":\"http:\/\/livestreams.br.de\/i\/bralpha_germany@119899\/master.m3u8\",\n\t\t\"SenderName\":\"BR alpha\",\n\t\t\"Bild\":\"file:bralpha.png\",\n\t\t\"ProgrammURL\":\"http:\/\/programm.ard.de\/programm\/sender?sender=28487\"\n\t\t},\t\t\n\t\t{\n\t\t\"StreamURL\":\"http:\/\/swrrp-lh.akamaihd.net\/i\/swrrp_live@196739\/master.m3u8\",\n\t\t\"SenderName\":\"SWR\",\n\t\t\"Bild\":\"file:swr.png\",\n\t\t\"ProgrammURL\":\"http:\/\/programm.ard.de\/programm\/sender?sender=28113\"\n\t\t},\n\t\t{\n\t\t\"StreamURL\":\"http:\/\/live1_hr-lh.akamaihd.net\/i\/hr_fernsehen@75910\/master.m3u8\",\n\t\t\"SenderName\":\"HR\",\n\t\t\"Bild\":\"file:hr.png\",\n\t\t\"ProgrammURL\":\"http:\/\/programm.ard.de\/programm\/sender?sender=28108\"\n\t\t},\n\t\t{\n\t\t\"StreamURL\":\"http:\/\/live2_sr-lh.akamaihd.net\/i\/sr_universal02@107595\/master.m3u8\",\n\t\t\"SenderName\":\"SR\",\n\t\t\"Bild\":\"file:sr.png\",\n\t\t\"ProgrammURL\":\"http:\/\/programm.ard.de\/programm\/sender?sender=28486\"\n\t\t},\n\t\t{\n\t\t\"StreamURL\":\"http:\/\/www.metafilegenerator.de\/DWelle\/tv\/ios\/master.m3u8\",\n\t\t\"SenderName\":\"DW\",\n\t\t\"Bild\":\"file:dw.png\",\n\t\t\"ProgrammURL\":\"http:\/\/www.dw.com\/de\/programm\/tv-programm\/s-4765-9801\"\n\t\t},\t\t\n\t\t{\n\t\t\"StreamURL\":\"http:\/\/tagesschau-lh.akamaihd.net\/i\/tagesschau_1@119231\/master.m3u8\",\n\t\t\"SenderName\":\"Tagesschau24\",\n\t\t\"Bild\":\"file:tagesschau24.png\",\n\t\t\"ProgrammURL\":\"http:\/\/programm.ard.de\/programm\/sender?sender=28721\"\n\t\t},\n\t\t{\n\t\t\"StreamURL\":\"http:\/\/kika_geo-lh.akamaihd.net\/i\/livetvkika_de@75114\/master.m3u8\",\n\t\t\"SenderName\":\"KiKa\",\n\t\t\"Bild\":\"file:kika.png\",\n\t\t\"ProgrammURL\":\"http:\/\/www.zdf.de\/epg\/programm-4100.html?action=filter&senderToFilter=KI.KA\"\n\t\t},\n\t\t{\n\t\t\"StreamURL\":\"http:\/\/mdr_sachsen_hls-lh.akamaihd.net\/i\/livetvmdrsachsen_de@106902\/master.m3u8\",\n\t\t\"SenderName\":\"MDR\",\n\t\t\"Bild\":\"file:mdr.png\",\n\t\t\"ProgrammURL\":\"http:\/\/programm.ard.de\/programm\/sender?sender=-28229\"\n\t\t}\n]}",
          "lastCheckWasValid" : true,
          "name" : "TV-Daten"
        },
        {
          "$type" : "FilteredDataSource",
          "searchesCaseSensitive" : false,
          "shouldFilterWithQuery" : false,
          "URLRequest" : {
            "$type" : "URLRequest",
            "$domain" : "Core"
          },
          "$id" : "FilteredDataSource10074",
          "dataSourceID" : "JSONDataSource10072",
          "actionInfo" : {
            "type" : "objectAction",
            "modalTransitionStyle" : "-1",
            "actionType" : "objectAction",
            "objectActionID" : "",
            "$type" : "ActionInfo",
            "$domain" : "Composé"
          },
          "$domain" : "com.compose-mac",
          "filterKeyPath" : "sender",
          "shouldFilterWithKeyPath" : true
        },
        {
          "$id" : "JavaScriptContainer10077",
          "URLRequest" : {
            "$type" : "URLRequest",
            "$domain" : "Core"
          },
          "$domain" : "com.compose-mac",
          "actionInfo" : {
            "type" : "objectAction",
            "modalTransitionStyle" : "-1",
            "actionType" : "objectAction",
            "objectActionID" : "",
            "$type" : "ActionInfo",
            "$domain" : "Composé"
          },
          "script" : "\/\/ Sucht die Sendernamen heraus\n\nreturn input.sender.map(function (sender) {\n\treturn sender.SenderName;\n});",
          "inputDataSource2ID" : "",
          "inputDataSourceID" : "JSONDataSource10072",
          "evaluatesImmediately" : true,
          "localData" : "\/\/ Sucht die Sendernamen heraus\n\nreturn input.sender.map(function (sender) {\n\treturn sender.SenderName;\n});",
          "contents" : [
            "ARD",
            "ZDF",
            "RBB",
            "Arte",
            "3sat",
            "Phoenix",
            "ZDF neo",
            "ZDF info",
            "ZDF kultur",
            "WDR",
            "NDR",
            "BR",
            "BR alpha",
            "SWR",
            "HR",
            "SR",
            "DW",
            "Tagesschau24",
            "KiKa",
            "MDR"
          ],
          "name" : "Sendernamen",
          "$type" : "JavaScriptContainer"
        },
        {
          "$id" : "FilteredDataSource10078",
          "URLRequest" : {
            "$type" : "URLRequest",
            "$domain" : "Core"
          },
          "$domain" : "com.compose-mac",
          "actionInfo" : {
            "type" : "objectAction",
            "modalTransitionStyle" : "-1",
            "actionType" : "objectAction",
            "objectActionID" : "",
            "$type" : "ActionInfo",
            "$domain" : "Composé"
          },
          "shouldFilterWithKeyPath" : true,
          "shouldFilterWithQuery" : false,
          "dataSourceID" : "FilteredDataSource10074",
          "filterKeyPath" : 0,
          "bindings" : [
            {
              "destination" : "UICollectionView10277DataProvider",
              "destinationIsMutable" : true,
              "destinationKeyPath" : "contents.selectedItemIndex",
              "sourceKeyPath" : "filterKeyPath",
              "enumerableItemAccess" : false
            }
          ],
          "searchesCaseSensitive" : false,
          "name" : "ausgewählter sender",
          "$type" : "FilteredDataSource"
        }
      ],
      "viewController" : {
        "$id" : "UIViewController1",
        "tabBarItem" : {
          "$id" : "UITabBarItem9436",
          "title" : "Telemat1000",
          "$type" : "UITabBarItem",
          "$domain" : "Composé.iOS"
        },
        "title" : "Telemat1000",
        "viewData" : {
          "isExpandedInEditorOutline" : true,
          "scrollLeft" : 0,
          "$id" : "UIView6636",
          "position" : {
            "top" : 0,
            "left" : 0
          },
          "backgroundColor" : "rgba(200,229,236,1.00)",
          "$domain" : "Composé.iOS",
          "autoresizingMask" : 18,
          "frame" : {
            "origin" : {
              "x" : 0,
              "y" : 0
            },
            "size" : {
              "width" : 320,
              "height" : 504
            }
          },
          "subviews" : [
            {
              "cellPrototype" : {
                "isExpandedInEditorOutline" : true,
                "scrollLeft" : 0,
                "$id" : "CollectionViewCellContentView10279",
                "dataset" : {
                  "StreamURL" : "http:\/\/zdf0910-lh.akamaihd.net\/i\/dach10_v1@392872\/master.m3u8",
                  "SenderName" : "3sat",
                  "ProgrammURL" : "http:\/\/www.zdf.de\/epg\/programm-4100.html?action=filter&senderToFilter=3sat",
                  "Bild" : "file:3sat.png"
                },
                "isPrototype" : true,
                "backgroundColor" : "rgba(245,244,240,1.00)",
                "$domain" : "Composé.iOS",
                "frame" : {
                  "origin" : {
                    "x" : 0,
                    "y" : 50
                  },
                  "size" : {
                    "width" : 70,
                    "height" : 40
                  }
                },
                "position" : {
                  "top" : 50,
                  "left" : 0
                },
                "subviews" : [
                  {
                    "$id" : "UIImageView10378",
                    "position" : {
                      "top" : 0,
                      "left" : 0
                    },
                    "frame" : {
                      "origin" : {
                        "x" : 0,
                        "y" : 0
                      },
                      "size" : {
                        "width" : 70,
                        "height" : 40
                      }
                    },
                    "$domain" : "Composé.iOS",
                    "autoresizingMask" : 0,
                    "contentMode" : "scaleAspectFit",
                    "imageURLInfo" : {
                      "remoteImageURL" : "file:mdr.png",
                      "source" : "local"
                    },
                    "highlightedImageURLInfo" : {
                      "source" : "local"
                    },
                    "size" : {
                      "width" : 70,
                      "height" : 40
                    },
                    "isReferenced" : true,
                    "hidden" : false,
                    "bindings" : [
                      {
                        "destination" : "FilteredDataSource10074",
                        "destinationKeyPath" : "Bild",
                        "sourceKeyPath" : "imageURLString",
                        "enumerableItemAccess" : true
                      }
                    ],
                    "$type" : "UIImageView"
                  },
                  {
                    "$id" : "UIImageView13697",
                    "style" : {
                      "opacity" : "0.32"
                    },
                    "position" : {
                      "top" : 0,
                      "left" : 0
                    },
                    "frame" : {
                      "origin" : {
                        "x" : 0,
                        "y" : 0
                      },
                      "size" : {
                        "width" : 70,
                        "height" : 40
                      }
                    },
                    "$domain" : "Composé.iOS",
                    "autoresizingMask" : 0,
                    "useHighlightedImage" : true,
                    "imageURLString" : "",
                    "contentMode" : "scaleAspectFit",
                    "imageURLInfo" : {
                      "remoteImageURL" : "",
                      "source" : "local"
                    },
                    "highlightedImageURLInfo" : {
                      "localImageObjectID" : "ResourceReference20373",
                      "source" : "local"
                    },
                    "size" : {
                      "width" : 70,
                      "height" : 40
                    },
                    "alpha" : 0.32,
                    "isReferenced" : true,
                    "hidden" : false,
                    "$type" : "UIImageView"
                  }
                ],
                "indexPath" : {
                  "section" : 0,
                  "item" : 4
                },
                "size" : {
                  "width" : 70,
                  "height" : 40
                },
                "heightIsEditable" : true,
                "scrollTop" : 0,
                "hidden" : false,
                "modalTransitionStyle" : "-1",
                "userInteractionEnabled" : true,
                "$type" : "CollectionViewCellContentView"
              },
              "flowLayoutMinimumLineSpacing" : 10,
              "style" : {
                "opacity" : "1",
                "backgroundColor" : "rgb(245, 244, 240)"
              },
              "position" : {
                "top" : 182,
                "left" : 0
              },
              "$type" : "UICollectionView",
              "margin" : 0,
              "insetTop" : 4,
              "$id" : "UICollectionView10277",
              "hidden" : false,
              "$domain" : "Composé.iOS",
              "backgroundColor" : "rgba(245,244,240,1.00)",
              "transform" : "",
              "dataProvider" : {
                "$type" : "CollectionViewDataProvider",
                "URLRequest" : {
                  "$type" : "URLRequest",
                  "$domain" : "Core"
                },
                "$id" : "UICollectionView10277DataProvider",
                "actionInfo" : {
                  "type" : "objectAction",
                  "modalTransitionStyle" : "-1",
                  "actionType" : "objectAction",
                  "objectActionID" : "",
                  "$type" : "ActionInfo",
                  "$domain" : "Composé"
                },
                "propertiesForBindings" : [
                  "selectedItemIndex"
                ],
                "$domain" : "com.compose-mac",
                "name" : "Senderlogos",
                "objectID" : "UICollectionView10277"
              },
              "scrollTop" : 0,
              "name" : "Senderlogos",
              "layoutRelations" : [
                {
                  "identify" : null,
                  "destination" : "MoviePlayerView10073",
                  "offset" : 2,
                  "type" : "below",
                  "$id" : "Object17367"
                }
              ],
              "isExpandedInEditorOutline" : true,
              "flowLayoutScrollDirection" : "vertical",
              "numberOfStaticSections" : 1,
              "size" : {
                "width" : 320,
                "height" : 319
              },
              "alpha" : 1,
              "insetBottom" : 0,
              "autoresizingMask" : 18,
              "spacing" : 10,
              "usesDataSource" : true,
              "modalTransitionStyle" : "-1",
              "dataSourceId" : "FilteredDataSource10074",
              "flowLayoutMinimumInteritemSpacing" : 10,
              "scrollLeft" : 0,
              "staticSections" : [
                {
                  "staticCells" : [
                    {
                      "isExpandedInEditorOutline" : true,
                      "scrollLeft" : 0,
                      "$id" : "CollectionViewCellContentView10280",
                      "position" : {
                        "top" : 0,
                        "left" : 0
                      },
                      "backgroundColor" : "rgb(255,255,255)",
                      "$domain" : "Composé.iOS",
                      "frame" : {
                        "origin" : {
                          "x" : 0,
                          "y" : 0
                        },
                        "size" : {
                          "width" : 100,
                          "height" : 100
                        }
                      },
                      "indexPath" : {
                        "section" : 0,
                        "item" : 0
                      },
                      "transform" : "",
                      "heightIsEditable" : true,
                      "scrollTop" : 0,
                      "size" : {
                        "width" : 100,
                        "height" : 100
                      },
                      "alpha" : 1,
                      "hidden" : false,
                      "modalTransitionStyle" : "-1",
                      "userInteractionEnabled" : true,
                      "$type" : "CollectionViewCellContentView"
                    }
                  ],
                  "numberOfStaticCells" : 1,
                  "isExpandedInEditorOutline" : true,
                  "$type" : "UICollectionViewSection",
                  "$domain" : "Composé.iOS"
                }
              ]
            },
            {
              "$id" : "MoviePlayerView10073",
              "dataProvider" : {
                "$type" : "MoviePlayerDataProvider",
                "URLRequest" : {
                  "$type" : "URLRequest",
                  "$domain" : "Core"
                },
                "$id" : "MoviePlayerView10073DataProvider",
                "actionInfo" : {
                  "type" : "objectAction",
                  "modalTransitionStyle" : "-1",
                  "actionType" : "objectAction",
                  "objectActionID" : "",
                  "$type" : "ActionInfo",
                  "$domain" : "Composé"
                },
                "propertiesForBindings" : [
                  "currentPlaybackTime",
                  "currentPlaybackTimeString",
                  "remainingPlaybackTimeString",
                  "currentPlaybackProgress",
                  "isPlaying",
                  "isNotPlaying"
                ],
                "$domain" : "com.compose-mac",
                "name" : "Film-Wiedergabe",
                "objectID" : "MoviePlayerView10073"
              },
              "position" : {
                "top" : 0,
                "left" : 0
              },
              "backgroundColor" : "rgb(0,0,0)",
              "$domain" : "com.compose-mac",
              "autoresizingMask" : 2,
              "movieURLString" : "http:\/\/daserste_live-lh.akamaihd.net\/i\/daserste_de@91204\/master.m3u8",
              "sourceType" : "remote",
              "transform" : "",
              "frame" : {
                "origin" : {
                  "x" : 0,
                  "y" : 0
                },
                "size" : {
                  "width" : 320,
                  "height" : 180
                }
              },
              "heightIsEditable" : true,
              "showsControls" : true,
              "size" : {
                "width" : 320,
                "height" : 180
              },
              "alpha" : 1,
              "hidden" : false,
              "bindings" : [
                {
                  "destination" : "FilteredDataSource10078",
                  "destinationKeyPath" : "contents.StreamURL",
                  "sourceKeyPath" : "movieURLString",
                  "enumerableItemAccess" : false
                }
              ],
              "autoplay" : true,
              "userInteractionEnabled" : true,
              "$type" : "MoviePlayerView"
            }
          ],
          "transform" : "",
          "size" : {
            "width" : 320,
            "height" : 504
          },
          "heightIsEditable" : false,
          "scrollTop" : 0,
          "alpha" : 1,
          "hidden" : false,
          "userInteractionEnabled" : true,
          "name" : "Ansicht",
          "$type" : "SceneRootView"
        },
        "$type" : "UIViewController",
        "$domain" : "Composé.iOS"
      },
      "v_showsInTabBar" : false,
      "navigationObjectsNodeIsExpandedInEditorOutline" : true,
      "simulatedInterfaceOrientation" : "portrait",
      "navigationBar" : {
        "isExpandedInEditorOutline" : true,
        "$id" : "UINavigationBar7703",
        "position" : {
          "top" : 0,
          "left" : 0
        },
        "frame" : {
          "origin" : {
            "x" : 0,
            "y" : 0
          },
          "size" : {
            "width" : 320,
            "height" : 64
          }
        },
        "$domain" : "Composé.iOS",
        "autoresizingMask" : 2,
        "translucent" : false,
        "title" : "Telemat1000",
        "heightIsEditable" : false,
        "size" : {
          "width" : 320,
          "height" : 64
        },
        "items" : [
          {
            "$type" : "UINavigationItem",
            "$domain" : "Composé.iOS",
            "$id" : "UINavigationItem1"
          }
        ],
        "hidden" : false,
        "barStyle" : 0,
        "userInteractionEnabled" : true,
        "$type" : "UINavigationBar"
      },
      "$type" : "Scene"
    }
  ],
  "tabBarItemFont" : {
    "$id" : "UIFont10031",
    "fontFamily" : "System",
    "fontName" : "_DEFAULT_",
    "pointSize" : 10,
    "$type" : "UIFont",
    "$domain" : "Composé.iOS"
  },
  "navigationBarFont" : {
    "$id" : "UIFont10029",
    "fontFamily" : "System",
    "fontName" : "_DEFAULT_BOLD_",
    "pointSize" : 17,
    "$type" : "UIFont",
    "$domain" : "Composé.iOS"
  },
  "$domain" : "Composé",
  "metadata" : {
    "launchImages" : {
      "phone40" : {
        "$type" : "ImageReference",
        "$domain" : "Composé",
        "imageID" : "CCC76CE0-DA6B-459A-ADB7-16FBB5ECD1F2-2077-00000B03FB064B9F.png"
      },
      "phone72" : {
        "$type" : "ImageReference",
        "$domain" : "Composé",
        "imageID" : "1C689DAD-0978-493D-8C1E-913C30A9AFD3-2077-00000B0348777164.png"
      },
      "phone71" : {
        "$type" : "ImageReference",
        "$domain" : "Composé",
        "imageID" : "2FE19CD5-9A69-4FD5-91B3-A1CD6E67F537-2077-00000B0280ABC5BA.png"
      },
      "phone35" : {
        "$type" : "ImageReference",
        "$domain" : "Composé",
        "imageID" : "EFFABFE1-5FE4-4391-B106-1623BCDD1C34-2077-00000B052ACFE1F8.png"
      }
    },
    "iconImage" : {
      "$type" : "ImageReference",
      "$domain" : "Composé",
      "imageID" : "0F759664-A627-4C16-87AE-3D3B23CD4EB6-2077-00000AD7BE0DCD5D.png"
    },
    "editorAppearance" : {
      "fileReferencesNodeIsExpandedInEditorOutline" : true,
      "inspectorCurrentSegment" : 0,
      "collapsedNewItemSections" : [

      ],
      "contentScale" : 0.9320469999999998,
      "historyStack" : [
        "Scene1",
        "Scene2",
        "Scene1",
        "Scene17185",
        "Scene1",
        "Scene17185",
        "Scene1"
      ],
      "inspectorCollapsedGroups" : [
        "UILabelShadow",
        "UITableViewMargin",
        "UITableViewSeparatorInsets",
        "FormProcessorEvents",
        "FormProcessorAdvanced"
      ],
      "heightOfNewItemsList" : 329,
      "inspectorIsVisible" : true,
      "elementListIsVisible" : true,
      "globalObjectsNodeIsExpandedInEditorOutline" : true,
      "historyStackPosition" : 6
    },
    "editorVersion" : 104,
    "title" : "Telemat1000",
    "formatVersion" : 104,
    "lastObjectID" : 20928,
    "simulatedSystemVersion" : 7,
    "supportedInterfaceOrientations" : 26,
    "deviceProfile" : "iPhone-Widescreen",
    "appleAppBundlePrefix" : "",
    "version" : "",
    "defaultLanguage" : "de",
    "appleAppCategory" : "",
    "editedObject" : "Scene1",
    "projectID" : "DC1686D4-72FF-4C0E-A6E1-DE176F797DA0-15179-0001704357F7A03C",
    "simulatedInterfaceOrientation" : "portrait",
    "windowFrame" : "89 0 1274 877 0 0 1440 877 ",
    "windowIsFullScreen" : false,
    "rootInstance" : "TabBarController",
    "overviewAppearance" : {
      "contentScale" : 0.33
    }
  },
  "fileReferences" : [
    {
      "$type" : "ResourceReference",
      "contentType" : "image\/png",
      "$id" : "ResourceReference20361",
      "size" : 42894,
      "resourceID" : "1FC690ED-3EFC-44A1-A4CE-ACFD6ED0E758-2069-00000AAE1C036FE6.png",
      "$domain" : "Composé",
      "shouldSync" : true,
      "actionInfo" : {
        "type" : "objectAction",
        "modalTransitionStyle" : "-1",
        "actionType" : "objectAction",
        "objectActionID" : "",
        "$type" : "ActionInfo",
        "$domain" : "Composé"
      },
      "originalFileInfo" : {
        "absolutePath" : "\/Users\/nicolasoestreich\/Desktop\/Bilder\/info.png",
        "relativePath" : "..\/Bilder\/info.png",
        "modificationTime" : 1448059330,
        "$type" : "FileInfo",
        "$domain" : "Composé"
      },
      "name" : "info.png"
    },
    {
      "$type" : "ResourceReference",
      "contentType" : "image\/png",
      "$id" : "ResourceReference20362",
      "size" : 44968,
      "resourceID" : "5973ACCA-04BD-49D3-A527-2C2A9FEB5029-2069-00000AAE1B3ABFEC.png",
      "$domain" : "Composé",
      "shouldSync" : true,
      "actionInfo" : {
        "type" : "objectAction",
        "modalTransitionStyle" : "-1",
        "actionType" : "objectAction",
        "objectActionID" : "",
        "$type" : "ActionInfo",
        "$domain" : "Composé"
      },
      "originalFileInfo" : {
        "absolutePath" : "\/Users\/nicolasoestreich\/Desktop\/Bilder\/br.png",
        "relativePath" : "..\/Bilder\/br.png",
        "modificationTime" : 1448059048,
        "$type" : "FileInfo",
        "$domain" : "Composé"
      },
      "name" : "br.png"
    },
    {
      "$type" : "ResourceReference",
      "contentType" : "image\/png",
      "$id" : "ResourceReference20363",
      "size" : 51150,
      "resourceID" : "D69798DC-02D9-4555-A374-73FF1469221C-2069-00000AAE1AF80478.png",
      "$domain" : "Composé",
      "shouldSync" : true,
      "actionInfo" : {
        "type" : "objectAction",
        "modalTransitionStyle" : "-1",
        "actionType" : "objectAction",
        "objectActionID" : "",
        "$type" : "ActionInfo",
        "$domain" : "Composé"
      },
      "originalFileInfo" : {
        "absolutePath" : "\/Users\/nicolasoestreich\/Desktop\/Bilder\/ard.png",
        "relativePath" : "..\/Bilder\/ard.png",
        "modificationTime" : 1448058806,
        "$type" : "FileInfo",
        "$domain" : "Composé"
      },
      "name" : "ard.png"
    },
    {
      "$type" : "ResourceReference",
      "contentType" : "image\/png",
      "$id" : "ResourceReference20364",
      "size" : 30715,
      "resourceID" : "9516AC10-6BB4-4117-9F20-06DA7E885F7D-2069-00000AAE1BB38019.png",
      "$domain" : "Composé",
      "shouldSync" : true,
      "actionInfo" : {
        "type" : "objectAction",
        "modalTransitionStyle" : "-1",
        "actionType" : "objectAction",
        "objectActionID" : "",
        "$type" : "ActionInfo",
        "$domain" : "Composé"
      },
      "originalFileInfo" : {
        "absolutePath" : "\/Users\/nicolasoestreich\/Desktop\/Bilder\/hr.png",
        "relativePath" : "..\/Bilder\/hr.png",
        "modificationTime" : 1448471232,
        "$type" : "FileInfo",
        "$domain" : "Composé"
      },
      "name" : "hr.png"
    },
    {
      "$type" : "ResourceReference",
      "contentType" : "image\/png",
      "$id" : "ResourceReference20365",
      "size" : 39181,
      "resourceID" : "838270E7-44C7-44DA-B344-BF6FED9A713F-2069-00000AAE1CDA0198.png",
      "$domain" : "Composé",
      "shouldSync" : true,
      "actionInfo" : {
        "type" : "objectAction",
        "modalTransitionStyle" : "-1",
        "actionType" : "objectAction",
        "objectActionID" : "",
        "$type" : "ActionInfo",
        "$domain" : "Composé"
      },
      "originalFileInfo" : {
        "absolutePath" : "\/Users\/nicolasoestreich\/Desktop\/Bilder\/neo.png",
        "relativePath" : "..\/Bilder\/neo.png",
        "modificationTime" : 1448059407,
        "$type" : "FileInfo",
        "$domain" : "Composé"
      },
      "name" : "neo.png"
    },
    {
      "$type" : "ResourceReference",
      "contentType" : "image\/png",
      "$id" : "ResourceReference20366",
      "size" : 35796,
      "resourceID" : "3EE4F777-EED1-41F4-BD9B-17DF6A74831E-2069-00000AAE1C8AE774.png",
      "$domain" : "Composé",
      "shouldSync" : true,
      "actionInfo" : {
        "type" : "objectAction",
        "modalTransitionStyle" : "-1",
        "actionType" : "objectAction",
        "objectActionID" : "",
        "$type" : "ActionInfo",
        "$domain" : "Composé"
      },
      "originalFileInfo" : {
        "absolutePath" : "\/Users\/nicolasoestreich\/Desktop\/Bilder\/kultur.png",
        "relativePath" : "..\/Bilder\/kultur.png",
        "modificationTime" : 1448059287,
        "$type" : "FileInfo",
        "$domain" : "Composé"
      },
      "name" : "kultur.png"
    },
    {
      "$type" : "ResourceReference",
      "contentType" : "image\/png",
      "$id" : "ResourceReference20367",
      "size" : 34770,
      "resourceID" : "3E7C680C-D44A-4060-8007-1B1810D1FA75-2069-00000AAE1CA49134.png",
      "$domain" : "Composé",
      "shouldSync" : true,
      "actionInfo" : {
        "type" : "objectAction",
        "modalTransitionStyle" : "-1",
        "actionType" : "objectAction",
        "objectActionID" : "",
        "$type" : "ActionInfo",
        "$domain" : "Composé"
      },
      "originalFileInfo" : {
        "absolutePath" : "\/Users\/nicolasoestreich\/Desktop\/Bilder\/mdr.png",
        "relativePath" : "..\/Bilder\/mdr.png",
        "modificationTime" : 1448058922,
        "$type" : "FileInfo",
        "$domain" : "Composé"
      },
      "name" : "mdr.png"
    },
    {
      "$type" : "ResourceReference",
      "contentType" : "image\/png",
      "$id" : "ResourceReference20368",
      "size" : 41111,
      "resourceID" : "7D221DC8-5A28-4154-8892-9913DADCD4D9-2069-00000AAE1CB8BBBA.png",
      "$domain" : "Composé",
      "shouldSync" : true,
      "actionInfo" : {
        "type" : "objectAction",
        "modalTransitionStyle" : "-1",
        "actionType" : "objectAction",
        "objectActionID" : "",
        "$type" : "ActionInfo",
        "$domain" : "Composé"
      },
      "originalFileInfo" : {
        "absolutePath" : "\/Users\/nicolasoestreich\/Desktop\/Bilder\/ndr.png",
        "relativePath" : "..\/Bilder\/ndr.png",
        "modificationTime" : 1448059199,
        "$type" : "FileInfo",
        "$domain" : "Composé"
      },
      "name" : "ndr.png"
    },
    {
      "$type" : "ResourceReference",
      "contentType" : "image\/png",
      "$id" : "ResourceReference20369",
      "size" : 38582,
      "resourceID" : "1143FF31-C64B-4610-8D7D-06814CC1AAB1-2069-00000AAE1B643F90.png",
      "$domain" : "Composé",
      "shouldSync" : true,
      "actionInfo" : {
        "type" : "objectAction",
        "modalTransitionStyle" : "-1",
        "actionType" : "objectAction",
        "objectActionID" : "",
        "$type" : "ActionInfo",
        "$domain" : "Composé"
      },
      "originalFileInfo" : {
        "absolutePath" : "\/Users\/nicolasoestreich\/Desktop\/Bilder\/bralpha.png",
        "relativePath" : "..\/Bilder\/bralpha.png",
        "modificationTime" : 1448059012,
        "$type" : "FileInfo",
        "$domain" : "Composé"
      },
      "name" : "bralpha.png"
    },
    {
      "$type" : "ResourceReference",
      "contentType" : "image\/png",
      "$id" : "ResourceReference20370",
      "size" : 125863,
      "resourceID" : "C6D575F2-0D19-46F3-9BE4-8FF3A304542F-2069-00000AAE1BD37BF4.png",
      "$domain" : "Composé",
      "shouldSync" : true,
      "actionInfo" : {
        "type" : "objectAction",
        "modalTransitionStyle" : "-1",
        "actionType" : "objectAction",
        "objectActionID" : "",
        "$type" : "ActionInfo",
        "$domain" : "Composé"
      },
      "originalFileInfo" : {
        "absolutePath" : "\/Users\/nicolasoestreich\/Desktop\/Bilder\/icon.png",
        "relativePath" : "..\/Bilder\/icon.png",
        "modificationTime" : 1448061905,
        "$type" : "FileInfo",
        "$domain" : "Composé"
      },
      "name" : "icon.png"
    },
    {
      "$type" : "ResourceReference",
      "contentType" : "image\/png",
      "$id" : "ResourceReference20371",
      "size" : 58272,
      "resourceID" : "083B4642-F6BB-4670-8228-BDDE5994CFD2-2069-00000AAE1C29D50C.png",
      "$domain" : "Composé",
      "shouldSync" : true,
      "actionInfo" : {
        "type" : "objectAction",
        "modalTransitionStyle" : "-1",
        "actionType" : "objectAction",
        "objectActionID" : "",
        "$type" : "ActionInfo",
        "$domain" : "Composé"
      },
      "originalFileInfo" : {
        "absolutePath" : "\/Users\/nicolasoestreich\/Desktop\/Bilder\/kika.png",
        "relativePath" : "..\/Bilder\/kika.png",
        "modificationTime" : 1448058706,
        "$type" : "FileInfo",
        "$domain" : "Composé"
      },
      "name" : "kika.png"
    },
    {
      "$type" : "ResourceReference",
      "contentType" : "image\/png",
      "$id" : "ResourceReference20372",
      "size" : 18778,
      "resourceID" : "4DF969AB-F356-4704-BB4D-62C3072C4243-2069-00000AAE1C7651E1.png",
      "$domain" : "Composé",
      "shouldSync" : true,
      "actionInfo" : {
        "type" : "objectAction",
        "modalTransitionStyle" : "-1",
        "actionType" : "objectAction",
        "objectActionID" : "",
        "$type" : "ActionInfo",
        "$domain" : "Composé"
      },
      "originalFileInfo" : {
        "absolutePath" : "\/Users\/nicolasoestreich\/Desktop\/Bilder\/knopf2.png",
        "relativePath" : "..\/Bilder\/knopf2.png",
        "modificationTime" : 1448060341,
        "$type" : "FileInfo",
        "$domain" : "Composé"
      },
      "name" : "knopf2.png"
    },
    {
      "$type" : "ResourceReference",
      "contentType" : "image\/png",
      "$id" : "ResourceReference20373",
      "size" : 31556,
      "resourceID" : "82FA6AC3-30EA-4CC1-B55E-56303EDD7CCF-2069-00000AAE1C5761B2.png",
      "$domain" : "Composé",
      "shouldSync" : true,
      "actionInfo" : {
        "type" : "objectAction",
        "modalTransitionStyle" : "-1",
        "actionType" : "objectAction",
        "objectActionID" : "",
        "$type" : "ActionInfo",
        "$domain" : "Composé"
      },
      "originalFileInfo" : {
        "absolutePath" : "\/Users\/nicolasoestreich\/Desktop\/Bilder\/knopf.png",
        "relativePath" : "..\/Bilder\/knopf.png",
        "modificationTime" : 1448062699,
        "$type" : "FileInfo",
        "$domain" : "Composé"
      },
      "name" : "knopf.png"
    },
    {
      "$type" : "ResourceReference",
      "contentType" : "image\/png",
      "$id" : "ResourceReference20374",
      "size" : 54895,
      "resourceID" : "A58E9F5F-B038-4621-8275-54FF46AE9499-2069-00000AAE1B88A1B9.png",
      "$domain" : "Composé",
      "shouldSync" : true,
      "actionInfo" : {
        "type" : "objectAction",
        "modalTransitionStyle" : "-1",
        "actionType" : "objectAction",
        "objectActionID" : "",
        "$type" : "ActionInfo",
        "$domain" : "Composé"
      },
      "originalFileInfo" : {
        "absolutePath" : "\/Users\/nicolasoestreich\/Desktop\/Bilder\/dw.png",
        "relativePath" : "..\/Bilder\/dw.png",
        "modificationTime" : 1448058876,
        "$type" : "FileInfo",
        "$domain" : "Composé"
      },
      "name" : "dw.png"
    },
    {
      "$type" : "ResourceReference",
      "contentType" : "image\/png",
      "$id" : "ResourceReference20375",
      "size" : 47050,
      "resourceID" : "17ABD842-40AD-4F93-8899-8C09462BCB16-2069-00000AAE1DA84745.png",
      "$domain" : "Composé",
      "shouldSync" : true,
      "actionInfo" : {
        "type" : "objectAction",
        "modalTransitionStyle" : "-1",
        "actionType" : "objectAction",
        "objectActionID" : "",
        "$type" : "ActionInfo",
        "$domain" : "Composé"
      },
      "originalFileInfo" : {
        "absolutePath" : "\/Users\/nicolasoestreich\/Desktop\/Bilder\/sr.png",
        "relativePath" : "..\/Bilder\/sr.png",
        "modificationTime" : 1448471268,
        "$type" : "FileInfo",
        "$domain" : "Composé"
      },
      "name" : "sr.png"
    },
    {
      "$type" : "ResourceReference",
      "contentType" : "image\/png",
      "$id" : "ResourceReference20376",
      "size" : 38191,
      "resourceID" : "C7F1FF24-9707-43FE-A45A-A9A7A2B5CABE-2069-00000AAE1DE41457.png",
      "$domain" : "Composé",
      "shouldSync" : true,
      "actionInfo" : {
        "type" : "objectAction",
        "modalTransitionStyle" : "-1",
        "actionType" : "objectAction",
        "objectActionID" : "",
        "$type" : "ActionInfo",
        "$domain" : "Composé"
      },
      "originalFileInfo" : {
        "absolutePath" : "\/Users\/nicolasoestreich\/Desktop\/Bilder\/tagesschau24.png",
        "relativePath" : "..\/Bilder\/tagesschau24.png",
        "modificationTime" : 1448058764,
        "$type" : "FileInfo",
        "$domain" : "Composé"
      },
      "name" : "tagesschau24.png"
    },
    {
      "$type" : "ResourceReference",
      "contentType" : "image\/png",
      "$id" : "ResourceReference20377",
      "size" : 44739,
      "resourceID" : "02979372-DBBF-4339-96F8-5D3B63DD6797-2069-00000AAE1DFCB25D.png",
      "$domain" : "Composé",
      "shouldSync" : true,
      "actionInfo" : {
        "type" : "objectAction",
        "modalTransitionStyle" : "-1",
        "actionType" : "objectAction",
        "objectActionID" : "",
        "$type" : "ActionInfo",
        "$domain" : "Composé"
      },
      "originalFileInfo" : {
        "absolutePath" : "\/Users\/nicolasoestreich\/Desktop\/Bilder\/wdr.png",
        "relativePath" : "..\/Bilder\/wdr.png",
        "modificationTime" : 1448059236,
        "$type" : "FileInfo",
        "$domain" : "Composé"
      },
      "name" : "wdr.png"
    },
    {
      "$type" : "ResourceReference",
      "contentType" : "image\/png",
      "$id" : "ResourceReference20378",
      "size" : 36259,
      "resourceID" : "E6C101A6-96E5-4A8D-A14E-53A3B7EA0126-2069-00000AAE1B2294C9.png",
      "$domain" : "Composé",
      "shouldSync" : true,
      "actionInfo" : {
        "type" : "objectAction",
        "modalTransitionStyle" : "-1",
        "actionType" : "objectAction",
        "objectActionID" : "",
        "$type" : "ActionInfo",
        "$domain" : "Composé"
      },
      "originalFileInfo" : {
        "absolutePath" : "\/Users\/nicolasoestreich\/Desktop\/Bilder\/arte.png",
        "relativePath" : "..\/Bilder\/arte.png",
        "modificationTime" : 1448059581,
        "$type" : "FileInfo",
        "$domain" : "Composé"
      },
      "name" : "arte.png"
    },
    {
      "$type" : "ResourceReference",
      "contentType" : "image\/png",
      "$id" : "ResourceReference20379",
      "size" : 42631,
      "resourceID" : "E4A663FE-44CD-45FA-A783-CB30CD2832FA-2069-00000AAE1D1FB2FC.png",
      "$domain" : "Composé",
      "shouldSync" : true,
      "actionInfo" : {
        "type" : "objectAction",
        "modalTransitionStyle" : "-1",
        "actionType" : "objectAction",
        "objectActionID" : "",
        "$type" : "ActionInfo",
        "$domain" : "Composé"
      },
      "originalFileInfo" : {
        "absolutePath" : "\/Users\/nicolasoestreich\/Desktop\/Bilder\/rbb.png",
        "relativePath" : "..\/Bilder\/rbb.png",
        "modificationTime" : 1448059621,
        "$type" : "FileInfo",
        "$domain" : "Composé"
      },
      "name" : "rbb.png"
    },
    {
      "$type" : "ResourceReference",
      "contentType" : "image\/png",
      "$id" : "ResourceReference20380",
      "size" : 46090,
      "resourceID" : "E98FDEBB-7342-4497-B37C-01111C323DE5-2069-00000AAE1AC42A3F.png",
      "$domain" : "Composé",
      "shouldSync" : true,
      "actionInfo" : {
        "type" : "objectAction",
        "modalTransitionStyle" : "-1",
        "actionType" : "objectAction",
        "objectActionID" : "",
        "$type" : "ActionInfo",
        "$domain" : "Composé"
      },
      "originalFileInfo" : {
        "absolutePath" : "\/Users\/nicolasoestreich\/Desktop\/Bilder\/3sat.png",
        "relativePath" : "..\/Bilder\/3sat.png",
        "modificationTime" : 1448059546,
        "$type" : "FileInfo",
        "$domain" : "Composé"
      },
      "name" : "3sat.png"
    },
    {
      "$type" : "ResourceReference",
      "contentType" : "image\/png",
      "$id" : "ResourceReference20381",
      "size" : 58377,
      "resourceID" : "8B8E3971-F083-459B-B6CF-2F19391887EF-2069-00000AAE1CF65E08.png",
      "$domain" : "Composé",
      "shouldSync" : true,
      "actionInfo" : {
        "type" : "objectAction",
        "modalTransitionStyle" : "-1",
        "actionType" : "objectAction",
        "objectActionID" : "",
        "$type" : "ActionInfo",
        "$domain" : "Composé"
      },
      "originalFileInfo" : {
        "absolutePath" : "\/Users\/nicolasoestreich\/Desktop\/Bilder\/phoenix.png",
        "relativePath" : "..\/Bilder\/phoenix.png",
        "modificationTime" : 1448059457,
        "$type" : "FileInfo",
        "$domain" : "Composé"
      },
      "name" : "phoenix.png"
    },
    {
      "$type" : "ResourceReference",
      "contentType" : "image\/png",
      "$id" : "ResourceReference20382",
      "size" : 132109,
      "resourceID" : "DAE87683-E9CA-4F70-9BF8-DE37490935E9-2069-00000AAE1D394CCD.png",
      "$domain" : "Composé",
      "shouldSync" : true,
      "actionInfo" : {
        "type" : "objectAction",
        "modalTransitionStyle" : "-1",
        "actionType" : "objectAction",
        "objectActionID" : "",
        "$type" : "ActionInfo",
        "$domain" : "Composé"
      },
      "originalFileInfo" : {
        "absolutePath" : "\/Users\/nicolasoestreich\/Desktop\/Bilder\/splash-breit.png",
        "relativePath" : "..\/Bilder\/splash-breit.png",
        "modificationTime" : 1448062002,
        "$type" : "FileInfo",
        "$domain" : "Composé"
      },
      "name" : "splash-breit.png"
    },
    {
      "$type" : "ResourceReference",
      "contentType" : "image\/png",
      "$id" : "ResourceReference20383",
      "size" : 133030,
      "resourceID" : "83BE503C-16A9-4CE7-B87C-77327E04D7F1-2069-00000AAE1D69C47F.png",
      "$domain" : "Composé",
      "shouldSync" : true,
      "actionInfo" : {
        "type" : "objectAction",
        "modalTransitionStyle" : "-1",
        "actionType" : "objectAction",
        "objectActionID" : "",
        "$type" : "ActionInfo",
        "$domain" : "Composé"
      },
      "originalFileInfo" : {
        "absolutePath" : "\/Users\/nicolasoestreich\/Desktop\/Bilder\/splash.png",
        "relativePath" : "..\/Bilder\/splash.png",
        "modificationTime" : 1448061999,
        "$type" : "FileInfo",
        "$domain" : "Composé"
      },
      "name" : "splash.png"
    },
    {
      "$type" : "ResourceReference",
      "contentType" : "image\/png",
      "$id" : "ResourceReference20384",
      "size" : 44092,
      "resourceID" : "0730F33E-85EA-4741-9CBE-D4965C71F0FC-2069-00000AAE1DC6F52D.png",
      "$domain" : "Composé",
      "shouldSync" : true,
      "actionInfo" : {
        "type" : "objectAction",
        "modalTransitionStyle" : "-1",
        "actionType" : "objectAction",
        "objectActionID" : "",
        "$type" : "ActionInfo",
        "$domain" : "Composé"
      },
      "originalFileInfo" : {
        "absolutePath" : "\/Users\/nicolasoestreich\/Desktop\/Bilder\/swr.png",
        "relativePath" : "..\/Bilder\/swr.png",
        "modificationTime" : 1448058962,
        "$type" : "FileInfo",
        "$domain" : "Composé"
      },
      "name" : "swr.png"
    },
    {
      "$type" : "ResourceReference",
      "contentType" : "image\/png",
      "$id" : "ResourceReference20385",
      "size" : 44490,
      "resourceID" : "BE060085-48D6-40DE-9F17-660BFD1AB61E-2069-00000AAE1E174DCB.png",
      "$domain" : "Composé",
      "shouldSync" : true,
      "actionInfo" : {
        "type" : "objectAction",
        "modalTransitionStyle" : "-1",
        "actionType" : "objectAction",
        "objectActionID" : "",
        "$type" : "ActionInfo",
        "$domain" : "Composé"
      },
      "originalFileInfo" : {
        "absolutePath" : "\/Users\/nicolasoestreich\/Desktop\/Bilder\/zdf.png",
        "relativePath" : "..\/Bilder\/zdf.png",
        "modificationTime" : 1448059663,
        "$type" : "FileInfo",
        "$domain" : "Composé"
      },
      "name" : "zdf.png"
    }
  ],
  "barButtonItemFont" : {
    "$id" : "UIFont17183",
    "fontFamily" : "System",
    "fontName" : "_DEFAULT_",
    "pointSize" : 17,
    "$type" : "UIFont",
    "$domain" : "Composé.iOS"
  }
}